name,email,phone
Juan Perez,juanperez@mail.com,'1123451234'
Maria Garcia,mariagarcia@email.com,'1123456789'
Carlos Rodriguez,carlosrodriguez@email.com,'1198765432'
Laura Martinez,lauramartinez@email.com,'1112345678'
Pedro Sanchez,pedrosanchez@email.com,'1187654321'
Ana Lopez,analopez@email.com,'1134567890'
Javier Hernandez,javierhernandez@email.com,'1145678901'
Sofia Gomez,sofiagomez@email.com,'1156789012'
Miguel Diaz,migueldiaz@email.com,'1167890123'
Isabella Ruiz,isabellaruiz@email.com,'1178901234'
Daniel Alvarez,danielalvarez@email.com,'1189012345'
Valentina Torres,valentinatorres@email.com,'1190123456'
Alejandro Ramirez,alejandroramirez@email.com,'1101234567'
Camila Flores,camilaflores@email.com,'1112345679'
Sebastian Castro,sebastiancastro@email.com,'1123456790'
Luciana Vargas,lucianavargas@email.com,'1134567901'
Mateo Morales,mateomorales@email.com,'1145679012'
Emilia Ortiz,emiliaortiz@email.com,'1156790123'
Nicolas Silva,nicolassilva@email.com,'1167901234'
Martina Romero,martinaromero@email.com,'1179012345'
Santiago Medina,santiagomedina@email.com,'1190123457'
Renata Castillo,renatacastillo@email.com,'1101234568'
Joaquin Jimenez,joaquinjimenez@email.com,'1112345680'
Catalina Herrera,catalinaherrera@email.com,'1123456781'
Tomas Leon,tomasleon@email.com,'1134567892'
Victoria Vega,victoriavega@email.com,'1145678903'
Benicio Rios,beniciorios@email.com,'1156789014'
Olivia Reyes,oliviareyes@email.com,'1167890125'
Agustin Serrano,agustinserrano@email.com,'1178901236'
Julieta Chavez,julietachavez@email.com,'1189012347'
Maximiliano Soto,maxisoto@email.com,'1190123458'
Zoe Escobar,zoeescobar@email.com,'1101234569'
Franco Ponce,francoponce@email.com,'1112345681'
Alma Guzman,almaguzman@email.com,'1123456791'
Thiago Nuñez,thiagonunez@email.com,'1134567902'
Mia Molina,miamolina@email.com,'1145679013'
Bruno Aguero,brunoaguero@email.com,'1156790124'
Lara Paredes,laraparedes@email.com,'1167901235'
Gael Luna,gaelluna@email.com,'1179012346'
Emma Fernandez,emmafernandez@email.com,'1190123459'
Leonardo Herrera,leoherrera@email.com,'1101234570'
Delfina Silva,delfinassilva@email.com,'1112345682'
Felipe Vega,felipevega@email.com,'1123456792'
Abril Rios,abrilrios@email.com,'1134567903'
Ivan Reyes,ivanreyes@email.com,'1145679015'
Eva Serrano,evaserrano@email.com,'1156790126'
Ramiro Chavez,ramirochavez@email.com,'1167901237'
Bianca Soto,biancasoto@email.com,'1179012348'
Amadeo Escobar,amadeoescobar@email.com,'1189012349'
Candelaria Ponce,candelariaponce@email.com,'1190123460'
Lorenzo Guzman,lorenzoguzman@email.com,'1101234571'
Carla Nuñez,carlanuñez@email.com,'1112345683'
Manuel Molina,manuelmolina@email.com,'1123456793'
Paula Aguero,paulaaguero@email.com,'1134567904'
Lautaro Paredes,lautaroparedes@email.com,'1145679016'
Alma Luna,almaluna@email.com,'1156790127'
Santino Fernandez,santinofernandez@email.com,'1167901238'
Lola Herrera,lolaherrera@email.com,'1179012350'
Benjamin Silva,benjaminsilva@email.com,'1189012351'
Juana Vega,juanavega@email.com,'1190123461'
Simon Rios,simonrios@email.com,'1101234572'
Agatha Reyes,agathareyes@email.com,'1112345684'
Salvador Serrano,salvadorserrano@email.com,'1123456794'
Celeste Chavez,celestechavez@email.com,'1134567905'
Pedro Soto,pedrosoto@email.com,'1145679017'
Constanza Escobar,constanzaescobar@email.com,'1156790128'
Rocco Ponce,roccoponce@email.com,'1167901239'
Morena Guzman,morenaguzman@email.com,'1179012352'
Francisco Nuñez,francisconunez@email.com,'1189012353'
Catalina Molina,catalinamolina@email.com,'1190123462'
Elias Aguero,eliasaguero@email.com,'1101234573'
Micaela Paredes,micaelaparedes@email.com,'1112345685'
Olivia Luna,olivialuna@email.com,'1123456795'
Dylan Fernandez,dylanfernandez@email.com,'1134567906'
Mía Herrera,miaherrera@email.com,'1145679018'
Lisandro Silva,lisandrosilva@email.com,'1156790129'
Isidro Vega,isidrovega@email.com,'1167901240'
Pilar Rios,pilarrios@email.com,'1179012354'
Fabio Reyes,fabioreyes@email.com,'1189012355'
Trinidad Serrano,trinidadserrano@email.com,'1190123463'
Dante Chavez,dantechavez@email.com,'1101234574'
Luz Soto,luzsoto@email.com,'1112345686'
Renzo Escobar,renzoescobar@email.com,'1123456796'
Elsa Ponce,elsaponce@email.com,'1134567907'
Bautista Guzman,bautistaguzman@email.com,'1145679019'
Isabela Nuñez,isabelanuñez@email.com,'1156790130'
Tomas Molina,tomasmolina@email.com,'1167901241'
Violeta Aguero,violetaaguero@email.com,'1179012356'
Ainhoa Paredes,ainhoaparedes@email.com,'1189012357'
Ian Luna,ianluna@email.com,'1190123464'
Abril Fernandez,abrilfernandez@email.com,'1101234575'